label,filepath
Dog,Dog/12025.jpg
Dog,Dog/12029.jpg
Cat,Cat/12497.jpg
Cat,Cat/12472.jpg
Dog,Dog/12427.jpg
Dog,Dog/12260.jpg
Dog,Dog/12199.jpg
Dog,Dog/12220.jpg
Cat,Cat/12006.jpg
Cat,Cat/12197.jpg
Dog,Dog/12215.jpg
Cat,Cat/12156.jpg
Cat,Cat/12010.jpg
Cat,Cat/12139.jpg
Cat,Cat/12125.jpg
Cat,Cat/12414.jpg
Dog,Dog/12496.jpg
Cat,Cat/12449.jpg
Dog,Dog/12442.jpg
Dog,Dog/12320.jpg
Cat,Cat/12026.jpg
Dog,Dog/12111.jpg
Dog,Dog/12262.jpg
Dog,Dog/12423.jpg
Dog,Dog/12028.jpg
Dog,Dog/12225.jpg
Dog,Dog/12335.jpg
Cat,Cat/12463.jpg
Cat,Cat/12366.jpg
Dog,Dog/12058.jpg
Cat,Cat/12131.jpg
Cat,Cat/12399.jpg
Cat,Cat/12331.jpg
Dog,Dog/12349.jpg
Dog,Dog/12424.jpg
Dog,Dog/12020.jpg
Cat,Cat/12485.jpg
Cat,Cat/12145.jpg
Cat,Cat/12359.jpg
Cat,Cat/12065.jpg
Dog,Dog/12336.jpg
Cat,Cat/12444.jpg
Dog,Dog/12042.jpg
Dog,Dog/12045.jpg
Dog,Dog/12106.jpg
Cat,Cat/12151.jpg
Cat,Cat/12291.jpg
Cat,Cat/12448.jpg
Cat,Cat/12169.jpg
Cat,Cat/12000.jpg
Cat,Cat/12062.jpg
Dog,Dog/12018.jpg
Dog,Dog/12436.jpg
Cat,Cat/12107.jpg
Dog,Dog/12276.jpg
Cat,Cat/12020.jpg
Cat,Cat/12417.jpg
Cat,Cat/12051.jpg
Cat,Cat/12078.jpg
Dog,Dog/12277.jpg
Cat,Cat/12158.jpg
Cat,Cat/12477.jpg
Dog,Dog/12365.jpg
Cat,Cat/12425.jpg
Dog,Dog/12010.jpg
Dog,Dog/12454.jpg
Dog,Dog/12172.jpg
Dog,Dog/12174.jpg
Dog,Dog/12275.jpg
Cat,Cat/12474.jpg
Cat,Cat/12120.jpg
Dog,Dog/12477.jpg
Cat,Cat/12035.jpg
Dog,Dog/12142.jpg
Cat,Cat/12356.jpg
Dog,Dog/12221.jpg
Dog,Dog/12240.jpg
Dog,Dog/12191.jpg
Dog,Dog/12015.jpg
Dog,Dog/12067.jpg
Dog,Dog/12461.jpg
Cat,Cat/12411.jpg
Dog,Dog/12265.jpg
Dog,Dog/12208.jpg
Cat,Cat/12276.jpg
Cat,Cat/12345.jpg
Cat,Cat/12138.jpg
Cat,Cat/12202.jpg
Cat,Cat/12385.jpg
Cat,Cat/12341.jpg
Cat,Cat/12442.jpg
Cat,Cat/12274.jpg
Cat,Cat/12002.jpg
Cat,Cat/12217.jpg
Cat,Cat/12318.jpg
Dog,Dog/12348.jpg
Dog,Dog/12450.jpg
Dog,Dog/12222.jpg
Cat,Cat/12314.jpg
Cat,Cat/12213.jpg
